 ,coeffs,tstats
Intercept,-13.8422650998,-2.02806975284
PC,-8.37257600082,-2.35241764632
PX,13.5570779335,1.84673337718
T,-0.0263824627853,-3.09197620074
AGE,162.177035941,3.84642577429