 ,coeffs,tstats
Intercept,20.5249749529,9.19363998615
PC,-5.4605723397,-1.70229839716
PX,12.2037910554,1.8410386031
T,-0.0266832240304,-3.53558714763
W,-0.00606583685564,-5.15183294338