 ,coeffs,tstats
Intercept,31.7978055799,2.52289290393
PC,-7.45086978988,-1.841779364
PX,14.7076788846,1.70705639343
T,-0.0362414472762,-3.96919694432
LF,-38.4346028629,-1.61120924979