 ,coeffs,tstats
Intercept,14.083644303,6.33150030302
PC,-4.27495949091,-1.0172247297
PX,12.6564315776,1.52463231643
T,-0.0384164474906,-4.28120266425
U,-66.0592485645,-1.79431079093